<?xml version="1.0" encoding="UTF-8"?>
<!-- Replace the 3 asterisks with the password -->
<Passwords>
    <password><![CDATA[{PASSWORD}]]></password>
    <root_password><![CDATA[{PASSWORD}]]></root_password>
    <sapadm_password><![CDATA[{PASSWORD}]]></sapadm_password>
    <source_password><![CDATA[{PASSWORD}]]></source_password>
    <target_password><![CDATA[{PASSWORD}]]></target_password>
    <source_system_user_password><![CDATA[{PASSWORD}]]></source_system_user_password>
    <target_system_user_password><![CDATA[{PASSWORD}]]></target_system_user_password>
    <target_lss_user_password><![CDATA[{PASSWORD}]]></target_lss_user_password>
    <source_lss_backup_password><![CDATA[{PASSWORD}]]></source_lss_backup_password>
    <target_lss_backup_password><![CDATA[{PASSWORD}]]></target_lss_backup_password>
</Passwords>